nome_no_pacote,nome_original_enviado,largura,altura
VM-01.png,0315735c-c4af-4552-9184-ff8fe0194c09.png,1884,881
VM-02.png,1beb5ed1-8bae-4031-870e-777066eeb8a4.png,1891,894
VM-03.png,34b34204-7e9d-4a38-8506-f2ad999004b5.png,1895,904
VM-04.png,41b09e40-ae61-40ed-a3cf-ba393b5a8ed5.png,919,751
VM-05.png,53c79000-96d3-4ab4-8bea-0571815901a1.png,1923,906
VM-06.png,5c6a3dc4-7b6f-41fc-9932-e246eb25586b.png,1866,860
VM-07.png,62c8b2f9-1370-4e3a-a4c1-f0516d9d30b0.png,1895,904
VM-08.png,6fe69eb5-0d43-4f45-9272-b64741e26316.png,1901,906
VM-09.png,7b65abc0-57a7-4ae7-8320-a9a8bc35328e.png,1628,867
VM-10.png,82594692-dd05-4efb-8da5-355979c56cd8.png,1914,882
VM-11.png,d41adae4-d361-4d71-b710-ca7a8d5cc3ea.png,1796,822
VM-12.png,screencapture-vendamax-codebyigor-br-2026-09-24-12_05_35.png,1920,2037
VM-13.png,screencapture-vendamax-codebyigor-br-analytics-2026-09-24-12_10_59.png,1034,2048
VM-14.png,screencapture-vendamax-codebyigor-br-categories-2026-09-24-12_09_11.png,1920,1423
VM-15.png,screencapture-vendamax-codebyigor-br-products-2026-09-24-12_08_55.png,1920,1423
VM-16.png,screencapture-vendamax-codebyigor-br-reports-2026-09-24-12_11_11.png,1920,2039
